categorie,type,prix,adresse,image_lien
Chaussures Enfants,Chaussures enfants,7 000CFA,"Dakar, Sénégal",https://images.coinafrique.com/thumb_5416770_uploaded_image1_1752155346.jpg
Chaussures Enfants,Chaussures enfants,7 000CFA,"Dakar, Sénégal",https://images.coinafrique.com/thumb_5416767_uploaded_image1_1752155258.jpg
Chaussures Enfants,Chaussures enfants,8 000CFA,"Dakar Plateau, Dakar, Sénégal",https://images.coinafrique.com/thumb_5388880_uploaded_image1_1750707623.jpg
Chaussures Enfants,Chaussures enfants,Prix sur demande,"Ouakam, Dakar, Sénégal",https://images.coinafrique.com/thumb_5327025_uploaded_image1_1747213897.jpg
Chaussures Enfants,Chaussures enfants,15 000CFA,"Dakar Plateau, Dakar, Sénégal",https://images.coinafrique.com/thumb_5323154_uploaded_image1_1747018204.jpg
Chaussures Enfants,Chaussures enfants,3 500CFA,"Mermoz-Sacré Coeur, Dakar, Sénégal",https://images.coinafrique.com/thumb_5294713_uploaded_image1_1745421584.jpg
Chaussures Enfants,Chaussures enfants,3 500CFA,"Mermoz-Sacré Coeur, Dakar, Sénégal",https://images.coinafrique.com/thumb_5294302_uploaded_image1_1745410325.jpg
Chaussures Enfants,Chaussures enfant,18 000CFA,"Fass, Dakar, Sénégal",https://images.coinafrique.com/thumb_5284799_uploaded_image1_1744814056.jpg
Chaussures Enfants,Chaussures enfant,18 000CFA,"Fass, Dakar, Sénégal",https://images.coinafrique.com/thumb_5284783_uploaded_image1_1744813725.jpg
Chaussures Enfants,Chaussures pour enfants,15 000CFA,"Dakar Plateau, Dakar, Sénégal",https://images.coinafrique.com/thumb_5269411_uploaded_image1_1744009165.jpg
Chaussures Enfants,Chaussures enfants,2 000CFA,"Dakar, Sénégal",https://images.coinafrique.com/thumb_5253810_uploaded_image1_1743097199.jpg
Chaussures Enfants,Chaussures enfants,20 000CFA,"Dakar, Sénégal",https://images.coinafrique.com/thumb_5231318_uploaded_image1_1741923251.jpg
Chaussures Enfants,Chaussures enfants,15 000CFA,"Dakar Plateau, Dakar, Sénégal",https://images.coinafrique.com/thumb_5231304_uploaded_image1_1741922219.jpg
Chaussures Enfants,Chaussures enfant,8 500CFA,"Fass, Dakar, Sénégal",https://images.coinafrique.com/thumb_5181134_uploaded_image1_1739295232.jpg
Chaussures Enfants,Chaussures enfant,7 000CFA,"Fass, Dakar, Sénégal",https://images.coinafrique.com/thumb_5181139_uploaded_image1_1739295381.jpg
Chaussures Enfants,Chaussures enfant,10 000CFA,"Fass, Dakar, Sénégal",https://images.coinafrique.com/thumb_5181147_uploaded_image1_1739295472.jpg
Chaussures Enfants,Baskets Nike Jordan,20 000CFA,"Mbao, Dakar, Sénégal",https://images.coinafrique.com/thumb_5210436_uploaded_image1_1740934512.jpg
Chaussures Enfants,Ballerines enfants,12 000CFA,"Dakar, Sénégal",https://images.coinafrique.com/thumb_5141832_uploaded_image1_1737242187.jpg
Chaussures Enfants,Chaussures enfants,2 000CFA,"Dakar Plateau, Dakar, Sénégal",https://images.coinafrique.com/thumb_5125946_uploaded_image1_1736370156.jpg
Chaussures Enfants,Baskets enfant,3 500CFA,"Parcelle Assainies, Dakar, Sénégal",https://images.coinafrique.com/thumb_5080430_uploaded_image1_1733555952.jpg
Chaussures Enfants,Basket,5 000CFA,"Parcelle Assainies, Dakar, Sénégal",https://images.coinafrique.com/thumb_5080428_uploaded_image1_1733555768.jpg
Chaussures Enfants,Claquettes,8 450CFA,"Fass, Dakar, Sénégal",https://images.coinafrique.com/thumb_5047806_uploaded_image1_1731804849.jpg
Chaussures Enfants,Ensemble chaussures et chaussettes pour bebe,1 800CFA,"Dakar Plateau, Dakar, Sénégal",https://images.coinafrique.com/thumb_5037805_uploaded_image1_1731321094.jpg
Chaussures Enfants,Ballerines enfants,Prix sur demande,"Dakar, Sénégal",https://images.coinafrique.com/thumb_5002639_uploaded_image1_1729418695.jpg
Chaussures Enfants,Baskets Nike Air Max,6 000CFA,"Yoff, Dakar, Sénégal",https://images.coinafrique.com/thumb_4979173_uploaded_image1_1728164387.jpg
Chaussures Enfants,Jordan enfants,20 000CFA,"Dakar, Sénégal",https://images.coinafrique.com/thumb_4976138_uploaded_image1_1728002356.jpg
Chaussures Enfants,jordans enfants,20 000CFA,"Dakar Plateau, Dakar, Sénégal",https://images.coinafrique.com/thumb_4969624_uploaded_image1_1727758825.jpg
Chaussures Enfants,Chaussures enfant,4 000CFA,"Dakar, Sénégal",https://images.coinafrique.com/thumb_4950665_uploaded_image1_1726682392.jpg
Chaussures Enfants,Chaussures enfants,13 000CFA,"Dakar Plateau, Dakar, Sénégal",https://images.coinafrique.com/thumb_4934544_uploaded_image1_1725833379.jpg
Chaussures Enfants,Baskets Nike enfants,15 000CFA,"Dakar Plateau, Dakar, Sénégal",https://images.coinafrique.com/thumb_4930603_uploaded_image1_1725607998.jpg
Chaussures Enfants,Baskets Jordan enfants,15 000CFA,"Dakar Plateau, Dakar, Sénégal",https://images.coinafrique.com/thumb_4930596_uploaded_image1_1725607117.jpg
Chaussures Enfants,Chaussures enfant,17 000CFA,"Dakar, Sénégal",https://images.coinafrique.com/thumb_4928091_uploaded_image1_1725487369.jpg
Chaussures Enfants,Baskets  Jordan enfants,16 000CFA,"Dakar, Sénégal",https://images.coinafrique.com/thumb_4928088_uploaded_image1_1725487276.jpg
Chaussures Enfants,Baskets Jordan 6,11 000CFA,"Rufisque, Sénégal",https://images.coinafrique.com/thumb_4921251_uploaded_image1_1725193733.jpg
Chaussures Enfants,Baskets Nike React,9 000CFA,"Rufisque, Sénégal",https://images.coinafrique.com/thumb_4921241_uploaded_image1_1725193496.jpg
Chaussures Enfants,Baskets enfant,8 000CFA,"Rufisque, Sénégal",https://images.coinafrique.com/thumb_4921233_uploaded_image1_1725193317.jpg
Chaussures Enfants,Chaussures enfant,20 000CFA,"Dakar Plateau, Dakar, Sénégal",https://images.coinafrique.com/thumb_4870683_uploaded_image2_1722496365.jpeg
Chaussures Enfants,Chaussures enfants,3 000CFA,"Keur Massar, Sénégal",https://images.coinafrique.com/thumb_4797078_uploaded_image1_1718482814.jpg
Chaussures Enfants,Chaussures bébé et enfant,Prix sur demande,"Dakar, Sénégal",https://images.coinafrique.com/thumb_4783650_uploaded_image2_1717719898.jpeg
Chaussures Enfants,Chaussures filles,25 000CFA,"Dakar Plateau, Dakar, Sénégal",https://images.coinafrique.com/thumb_4781990_uploaded_image1_1717637500.jpg
Chaussures Enfants,Chaussures enfants,15 000CFA,"Dakar Plateau, Dakar, Sénégal",https://images.coinafrique.com/thumb_4781989_uploaded_image1_1717637364.jpg
Chaussures Enfants,Chaussures enfants,8 000CFA,"Dakar, Sénégal",https://images.coinafrique.com/thumb_4779994_uploaded_image1_1717548193.jpg
Chaussures Enfants,Chaussures enfants,8 000CFA,"Dakar, Sénégal",https://images.coinafrique.com/thumb_4779993_uploaded_image1_1717548114.jpg
Chaussures Enfants,Chaussures pour enfants,2 500CFA,"Pikine, Sénégal",https://images.coinafrique.com/thumb_4775765_uploaded_image1_1717362018.jpg
Chaussures Enfants,Timberland enfants,7 000CFA,"Dakar, Sénégal",https://images.coinafrique.com/thumb_4763656_uploaded_image1_1716765652.jpg
Chaussures Enfants,Chaussures bébés Air Force,10 000CFA,"Dakar Plateau, Dakar, Sénégal",https://images.coinafrique.com/thumb_4735737_uploaded_image1_1715305215.jpg
Chaussures Enfants,Chaussures enfants,2 500CFA,"Mermoz-Sacré Coeur, Dakar, Sénégal",https://images.coinafrique.com/thumb_4680911_uploaded_image1_1712514020.jpg
Chaussures Enfants,Chaussures enfants,15 000CFA,"Colobane, Dakar, Sénégal",https://images.coinafrique.com/thumb_4676405_uploaded_image1_1712262646.jpg
Chaussures Enfants,Chaussures pour enfant,Prix sur demande,"Yoff, Dakar, Sénégal",https://images.coinafrique.com/thumb_4656153_uploaded_image1_1711205088.jpg
Chaussures Enfants,Pantoufles  enfants,2 500CFA,"Grand Yoff, Dakar, Sénégal",https://images.coinafrique.com/thumb_4632466_uploaded_image1_1709901740.jpg
Chaussures Enfants,Pantoufle enfants,2 500CFA,"Mbao, Dakar, Sénégal",https://images.coinafrique.com/thumb_4626680_uploaded_image1_1709644598.jpg
Chaussures Enfants,Chaussures enfant Ogiy,17 000CFA,"Grand Yoff, Dakar, Sénégal",https://images.coinafrique.com/thumb_4623157_uploaded_image1_1709480174.jpg
Chaussures Enfants,Chaussures enfants,6 500CFA,"Sipres, Dakar, Sénégal",https://images.coinafrique.com/thumb_4608262_uploaded_image1_1708692132.jpg
Chaussures Enfants,Chaussures enfants,6 500CFA,"Sipres, Dakar, Sénégal",https://images.coinafrique.com/thumb_4608259_uploaded_image1_1708692072.jpg
Chaussures Enfants,Chaussures enfants,5 000CFA,"Parcelle Assainies, Dakar, Sénégal",https://images.coinafrique.com/thumb_4588141_uploaded_image1_1707596385.jpg
Chaussures Enfants,Chaussures enfant,6 000CFA,"Dieuppeul-Derklé, Dakar, Sénégal",https://images.coinafrique.com/thumb_4566463_uploaded_image1_1706455557.jpg
Chaussures Enfants,Chaussures enfant,13 000CFA,"Dakar Plateau, Dakar, Sénégal",https://images.coinafrique.com/thumb_4514824_uploaded_image1_1703615498.jpg
Chaussures Enfants,Chaussures pour enfants,8 000CFA,"Dakar Plateau, Dakar, Sénégal",https://images.coinafrique.com/thumb_4514805_uploaded_image1_1703614843.jpg
Chaussures Enfants,Chaussures enfant,6 500CFA,"Dakar Plateau, Dakar, Sénégal",https://images.coinafrique.com/thumb_4476393_uploaded_image1_1701209697.jpg
Chaussures Enfants,Chaussures enfant,Prix sur demande,"Colobane, Dakar, Sénégal",https://images.coinafrique.com/thumb_4517970_uploaded_image2_1703783616.jpeg
Chaussures Enfants,Chaussures pour enfant,9 000CFA,"Yoff, Dakar, Sénégal",https://images.coinafrique.com/thumb_4516156_uploaded_image1_1703690655.jpg
Chaussures Enfants,Chaussures enfant,Prix sur demande,"Colobane, Dakar, Sénégal",https://images.coinafrique.com/thumb_4513355_uploaded_image1_1703506842.jpg
Chaussures Enfants,Chaussures enfants,3 000CFA,"Colobane, Dakar, Sénégal",https://images.coinafrique.com/thumb_4464312_uploaded_image1_1700415241.jpg
Chaussures Enfants,Chaussures enfants,4 000CFA,"Colobane, Dakar, Sénégal",https://images.coinafrique.com/thumb_4464284_uploaded_image1_1700414113.jpg
Chaussures Enfants,Chaussures enfant,9 000CFA,"Dieuppeul-Derklé, Dakar, Sénégal",https://images.coinafrique.com/thumb_4486289_uploaded_image1_1701786845.jpg
Chaussures Enfants,Chaussures enfant,6 000CFA,"Dakar Plateau, Dakar, Sénégal",https://images.coinafrique.com/thumb_4452170_uploaded_image1_1699621092.jpg
Chaussures Enfants,Chaussures enfant,20 000CFA,"Dakar Plateau, Dakar, Sénégal",https://images.coinafrique.com/thumb_4481347_uploaded_image1_1701486467.jpg
Chaussures Enfants,Chaussures enfant,3 000CFA,"Dakar Plateau, Dakar, Sénégal",https://images.coinafrique.com/thumb_4404739_uploaded_image1_1696545306.jpg
Chaussures Enfants,Baskets  Jordan,20 000CFA,"Colobane, Dakar, Sénégal",https://images.coinafrique.com/thumb_4402939_uploaded_image1_1696449724.jpg
Chaussures Enfants,Chaussures enfants,Prix sur demande,"Dakar Plateau, Dakar, Sénégal",https://images.coinafrique.com/thumb_4396653_uploaded_image1_1696082279.jpg
Chaussures Enfants,Chaussures enfant,20 000CFA,"Grand Dakar, Dakar, Sénégal",https://images.coinafrique.com/thumb_4430647_uploaded_image1_1698289087.jpg
Chaussures Enfants,Sandales enfant,2 500CFA,"Dakar, Sénégal",https://images.coinafrique.com/thumb_4427622_uploaded_image2_1698104491.jpeg
Chaussures Enfants,Chaussures enfant,5 000CFA,"Ouest Foire, Dakar, Sénégal",https://images.coinafrique.com/thumb_4422835_uploaded_image1_1697766757.jpg
Chaussures Enfants,Chaussures enfants,8 500CFA,"Dakar Plateau, Dakar, Sénégal",https://images.coinafrique.com/thumb_4381758_uploaded_image1_1695064657.jpg
Chaussures Enfants,Chaussures enfant,13 000CFA,"Dakar, Sénégal",https://images.coinafrique.com/thumb_4414779_uploaded_image1_1697159524.jpg
Chaussures Enfants,Chaussures enfant,8 000CFA,"Dakar Plateau, Dakar, Sénégal",https://images.coinafrique.com/thumb_4375022_uploaded_image1_1694607723.jpg
Chaussures Enfants,Chaussures enfant,Prix sur demande,"Dakar Plateau, Dakar, Sénégal",https://images.coinafrique.com/thumb_4375003_uploaded_image1_1694607226.jpg
Chaussures Enfants,Chaussures enfants,8 000CFA,"Dakar Plateau, Dakar, Sénégal",https://images.coinafrique.com/thumb_4372705_uploaded_image1_1694464836.jpg
Chaussures Enfants,Chaussures Skateboard,11 000CFA,"Dakar, Sénégal",https://images.coinafrique.com/thumb_4402279_uploaded_image1_1696422852.jpg
Chaussures Enfants,Chaussures enfant,9 000CFA,"Dakar, Sénégal",https://images.coinafrique.com/thumb_4397886_uploaded_image1_1696179932.jpg
Chaussures Enfants,Chaussures enfant,10 000CFA,"Dakar, Sénégal",https://images.coinafrique.com/thumb_4396320_uploaded_image1_1696061527.jpg
Chaussures Enfants,Chaussures enfant,15 000CFA,"Grand Dakar, Dakar, Sénégal",https://images.coinafrique.com/thumb_4394927_uploaded_image1_1695956109.jpg
Chaussures Enfants,Chaussures enfant,6 000CFA,"Diamalaye 1, Dakar, Sénégal",https://images.coinafrique.com/thumb_4392112_uploaded_image1_1695751474.jpg
Chaussures Enfants,Chaussures enfant,28 000CFA,"Medina, Dakar, Sénégal",https://images.coinafrique.com/thumb_4367839_uploaded_image2_1694130362.jpeg
Chaussures Enfants,Chaussures enfant,20 000CFA,"Sacré-Coeur, Dakar, Sénégal",https://images.coinafrique.com/thumb_4361430_uploaded_image2_1693749843.jpeg
Chaussures Enfants,Chaussures enfant,20 000CFA,"Grand Dakar, Dakar, Sénégal",https://images.coinafrique.com/thumb_4351852_uploaded_image1_1693108691.jpg
Chaussures Enfants,Chaussures enfant,6 000CFA,"Parcelle Assainies, Dakar, Sénégal",https://images.coinafrique.com/thumb_4351183_uploaded_image1_1693054139.jpg
Chaussures Enfants,Chaussures enfant - 7 paires,15 000CFA,"Ouakam, Dakar, Sénégal",https://images.coinafrique.com/thumb_4336733_uploaded_image1_1692136230.jpg
Chaussures Enfants,Chaussures enfant,18 000CFA,"Grand Dakar, Dakar, Sénégal",https://images.coinafrique.com/thumb_4327769_uploaded_image1_1691537125.jpg
Chaussures Enfants,Chaussures enfant,Prix sur demande,"Dakar Plateau, Dakar, Sénégal",https://images.coinafrique.com/thumb_4300380_uploaded_image1_1689770515.jpg
Chaussures Enfants,Chaussures enfant,5 000CFA,"Mermoz-Sacré Coeur, Dakar, Sénégal",https://images.coinafrique.com/thumb_4287055_uploaded_image1_1688860044.jpg
Chaussures Enfants,Chaussures enfant,Prix sur demande,"HLM, Dakar, Sénégal",https://images.coinafrique.com/thumb_4173847_uploaded_image1_1681305963.jpg
Chaussures Enfants,Chaussures enfants,Prix sur demande,"HLM, Dakar, Sénégal",https://images.coinafrique.com/thumb_4173844_uploaded_image1_1681305896.jpg
Chaussures Enfants,Baskets enfant  Jordan,20 000CFA,"Grand Dakar, Dakar, Sénégal",https://images.coinafrique.com/thumb_4201412_uploaded_image1_1683164968.jpg
Chaussures Enfants,Chaussures enfants,Prix sur demande,"HLM, Dakar, Sénégal",https://images.coinafrique.com/thumb_4165640_uploaded_image1_1680784379.jpg
Chaussures Enfants,Chaussures enfants,Prix sur demande,"HLM, Dakar, Sénégal",https://images.coinafrique.com/thumb_4165637_uploaded_image1_1680784317.jpg
Chaussures Enfants,Chaussures enfants,Prix sur demande,"HLM, Dakar, Sénégal",https://images.coinafrique.com/thumb_4165645_uploaded_image1_1680784454.jpg
Chaussures Enfants,Chaussures enfants,Prix sur demande,"HLM, Dakar, Sénégal",https://images.coinafrique.com/thumb_4165635_uploaded_image1_1680784281.jpg
Chaussures Enfants,Chaussures enfants,Prix sur demande,"HLM, Dakar, Sénégal",https://images.coinafrique.com/thumb_4165634_uploaded_image1_1680784244.jpg
Chaussures Enfants,Chaussures bébé,2 000CFA,"HLM, Dakar, Sénégal",https://images.coinafrique.com/thumb_4187241_uploaded_image1_1682255769.jpg
Chaussures Enfants,Chaussures bébé,Prix sur demande,"Dakar, Sénégal",https://images.coinafrique.com/thumb_4187188_uploaded_image1_1682250705.jpg
Chaussures Enfants,Chaussures enfants,8 000CFA,"Dakar Plateau, Dakar, Sénégal",https://images.coinafrique.com/thumb_4136187_uploaded_image1_1678918009.jpg
Chaussures Enfants,Ballerines  enfant,7 500CFA,"Sicap foire, Dakar, Sénégal",https://images.coinafrique.com/thumb_4175703_uploaded_image1_1681413005.jpg
Chaussures Enfants,Chaussures enfant,8 000CFA,"Dakar Plateau, Dakar, Sénégal",https://images.coinafrique.com/thumb_4124281_uploaded_image1_1678211049.jpg
Chaussures Enfants,Chaussures  enfant,Prix sur demande,"Colobane, Dakar, Sénégal",https://images.coinafrique.com/thumb_4140244_uploaded_image1_1679226845.jpg
Chaussures Enfants,Chaussures enfants friperie,Prix sur demande,"Colobane, Dakar, Sénégal",https://images.coinafrique.com/thumb_4140242_uploaded_image1_1679226795.jpg
Chaussures Enfants,Crampons pour enfant,12 000CFA,"Diamniadio, Sénégal",https://images.coinafrique.com/thumb_4101596_uploaded_image1_1676845748.jpg
Chaussures Enfants,Chaussures enfant,2 000CFA,"Ouakam, Dakar, Sénégal",https://images.coinafrique.com/thumb_4139946_uploaded_image1_1679215303.jpg
Chaussures Enfants,Chaussures enfant,2 000CFA,"Ouakam, Dakar, Sénégal",https://images.coinafrique.com/thumb_4139937_uploaded_image1_1679215240.jpg
Chaussures Enfants,Chaussures  enfant,2 000CFA,"Ouakam, Dakar, Sénégal",https://images.coinafrique.com/thumb_4139933_uploaded_image1_1679181631.jpg
Chaussures Enfants,Chaussures enfants,12 000CFA,"Guediawaye, Dakar, Sénégal",https://images.coinafrique.com/thumb_4111498_uploaded_image1_1677508687.jpg
Chaussures Enfants,Bottes fourrées fille,13 000CFA,"Parcelle Assainies, Dakar, Sénégal",https://images.coinafrique.com/thumb_4110432_uploaded_image1_1677428890.jpg
Chaussures Enfants,Baskets enfant,20 000CFA,"Grand Dakar, Dakar, Sénégal",https://images.coinafrique.com/thumb_4096757_uploaded_image1_1676513509.jpg
Chaussures Enfants,Chaussures enfant,13 000CFA,"Dakar Plateau, Dakar, Sénégal",https://images.coinafrique.com/thumb_4050259_uploaded_image1_1673728537.jpg
Chaussures Enfants,Chaussures enfant,5 500CFA,"Yoff, Dakar, Sénégal",https://images.coinafrique.com/thumb_4059363_uploaded_image1_1674301059.jpg
Chaussures Enfants,Chaussures enfant,5 500CFA,"Yoff, Dakar, Sénégal",https://images.coinafrique.com/thumb_4059370_uploaded_image1_1674301238.jpg
Chaussures Enfants,Chaussures enfant,5 500CFA,"Yoff, Dakar, Sénégal",https://images.coinafrique.com/thumb_4059365_uploaded_image1_1674301160.jpg
Chaussures Enfants,Chaussures  enfant,20 000CFA,"Grand Dakar, Dakar, Sénégal",https://images.coinafrique.com/thumb_4081818_uploaded_image1_1675653272.jpg
Chaussures Enfants,Chaussures enfant,10 000CFA,"Dakar Plateau, Dakar, Sénégal",https://images.coinafrique.com/thumb_4028219_uploaded_image1_1672405449.jpg
Chaussures Enfants,Pantoufles,7 000CFA,"Grand Yoff, Dakar, Sénégal",https://images.coinafrique.com/thumb_4060976_uploaded_image1_1674416715.jpg
Chaussures Enfants,Chaussures enfant,8 000CFA,"Dakar Plateau, Dakar, Sénégal",https://images.coinafrique.com/thumb_4019759_uploaded_image1_1671731981.jpg
Chaussures Enfants,Chaussures  enfant,Prix sur demande,"Colobane, Dakar, Sénégal",https://images.coinafrique.com/thumb_4040305_uploaded_image2_1673193273.jpeg
Chaussures Enfants,Chaussure Jordan enfant,7 500CFA,"Parcelle Assainies, Dakar, Sénégal",https://images.coinafrique.com/thumb_4040246_uploaded_image1_1673189828.jpg
Chaussures Enfants,Chaussures enfants,20 000CFA,"Colobane, Dakar, Sénégal",https://images.coinafrique.com/thumb_4038506_uploaded_image1_1673066961.jpg
Chaussures Enfants,Chaussures crocs,6 000CFA,"HLM, Dakar, Sénégal",https://images.coinafrique.com/thumb_4038403_uploaded_image1_1673050094.jpg
Chaussures Enfants,Chaussures enfant,Prix sur demande,"Colobane, Dakar, Sénégal",https://images.coinafrique.com/thumb_4002035_uploaded_image1_1670608928.jpg
Chaussures Enfants,Chaussures enfants,20 000CFA,"Colobane, Dakar, Sénégal",https://images.coinafrique.com/thumb_4024385_uploaded_image1_1672137859.jpg
Chaussures Enfants,Chaussures enfants,15 000CFA,"Colobane, Dakar, Sénégal",https://images.coinafrique.com/thumb_4002819_uploaded_image1_1670672099.jpg
Chaussures Enfants,Chaussures enfant friperie,7 000CFA,"Colobane, Dakar, Sénégal",https://images.coinafrique.com/thumb_4000084_uploaded_image1_1670513545.jpg
Chaussures Enfants,Baskets enfant friperie,Prix sur demande,"Colobane, Dakar, Sénégal",https://images.coinafrique.com/thumb_4000080_uploaded_image3_1670513440.jpeg
Chaussures Enfants,Baskets enfant,20 000CFA,"Biscuiterie, Dakar, Sénégal",https://images.coinafrique.com/thumb_3958985_uploaded_image1_1668074060.jpg
Chaussures Enfants,Chaussures enfants,20 000CFA,"Biscuiterie, Dakar, Sénégal",https://images.coinafrique.com/thumb_3934730_uploaded_image1_1666662380.jpg
Chaussures Enfants,Chaussure enfants,15 000CFA,"Dakar, Sénégal",https://images.coinafrique.com/thumb_3920803_uploaded_image1_1665775387.jpg
Chaussures Enfants,Chaussures enfants,Prix sur demande,"Colobane, Dakar, Sénégal",https://images.coinafrique.com/thumb_3897399_uploaded_image1_1664399172.jpg
Chaussures Enfants,Chaussures enfants,Prix sur demande,"Colobane, Dakar, Sénégal",https://images.coinafrique.com/thumb_3897395_uploaded_image1_1664399089.jpg
Chaussures Enfants,Chaussures enfants friperie,Prix sur demande,"Colobane, Dakar, Sénégal",https://images.coinafrique.com/thumb_3895663_uploaded_image1_1664298673.jpg
Chaussures Enfants,Chaussures crocs,3 000CFA,"Dakar, Sénégal",https://images.coinafrique.com/thumb_3874877_uploaded_image1_1662993378.jpg
Chaussures Enfants,Chaussures crocs,3 000CFA,"Dakar, Sénégal",https://images.coinafrique.com/thumb_3874870_uploaded_image1_1662993234.jpg
Chaussures Enfants,Chaussures enfants,Prix sur demande,"Yoff, Dakar, Sénégal",https://images.coinafrique.com/thumb_3887647_uploaded_image1_1663793770.jpg
Chaussures Enfants,Chaussures enfants,15 000CFA,"Biscuiterie, Dakar, Sénégal",https://images.coinafrique.com/thumb_3886285_uploaded_image1_1663727518.jpg
Chaussures Enfants,Chaussures filles,6 000CFA,"Ouakam, Dakar, Sénégal",https://images.coinafrique.com/thumb_3869546_uploaded_image1_1662655575.jpg
Chaussures Enfants,Chaussures fille,3 000CFA,"Dakar Plateau, Dakar, Sénégal",https://images.coinafrique.com/thumb_3853482_uploaded_image1_1661882915.jpg
Chaussures Enfants,Chaussures fille,2 500CFA,"Dakar Plateau, Dakar, Sénégal",https://images.coinafrique.com/thumb_3853480_uploaded_image1_1661882766.jpg
Chaussures Enfants,Chaussures enfants,Prix sur demande,"Colobane, Dakar, Sénégal",https://images.coinafrique.com/thumb_3851925_uploaded_image1_1661800790.jpg
Chaussures Enfants,Baskets enfant,12 000CFA,"Dakar, Sénégal",https://images.coinafrique.com/thumb_3848408_uploaded_image1_1661541004.jpg
Chaussures Enfants,Chaussures enfants,5 000CFA,"Dakar, Sénégal",https://images.coinafrique.com/thumb_3804708_uploaded_image1_1659095376.jpg
Chaussures Enfants,Chaussures enfants,10 000CFA,"Biscuiterie, Dakar, Sénégal",https://images.coinafrique.com/thumb_3824846_uploaded_image1_1660191219.jpg
Chaussures Enfants,Sandales africaines enfants,1 500CFA,"Cambérène, Dakar, Sénégal",https://images.coinafrique.com/thumb_3778619_uploaded_image1_1657354885.jpg
Chaussures Enfants,Chaussures enfants,7 000CFA,"Sicap Liberté, Dakar, Sénégal",https://images.coinafrique.com/thumb_3777593_uploaded_image1_1657274825.jpg
Chaussures Enfants,Chaussures enfants,7 000CFA,"Sicap Liberté, Dakar, Sénégal",https://images.coinafrique.com/thumb_3777592_uploaded_image1_1657274783.jpg
Chaussures Enfants,Chaussures enfant,12 500CFA,"Dakar, Sénégal",https://images.coinafrique.com/thumb_3771424_uploaded_image1_1656942212.jpg
Chaussures Enfants,Claquettes enfant,1 250CFA,"Colobane, Dakar, Sénégal",https://images.coinafrique.com/thumb_3768510_uploaded_image1_1656771169.jpg
Chaussures Enfants,Chaussures bébé,1 500CFA,"HLM, Dakar, Sénégal",https://images.coinafrique.com/thumb_3704967_uploaded_image1_1653083833.jpg
Chaussures Enfants,Chaussures enfants,10 000CFA,"Hann Bel-Air, Dakar, Sénégal",https://images.coinafrique.com/thumb_3672156_uploaded_image1_1651092639.jpg
Chaussures Enfants,Chaussures enfants,13 000CFA,"Dakar, Sénégal",https://images.coinafrique.com/thumb_3699436_uploaded_image1_1652782683.jpg
Chaussures Enfants,Baskets enfant,15 000CFA,"Biscuiterie, Dakar, Sénégal",https://images.coinafrique.com/thumb_3690626_uploaded_image1_1652255965.jpg
Chaussures Enfants,Chaussures enfants,7 000CFA,"Dakar, Sénégal",https://images.coinafrique.com/thumb_3641537_uploaded_image1_1649258723.jpg
Chaussures Enfants,Chaussures enfants,10 000CFA,"Parcelle Assainies, Dakar, Sénégal",https://images.coinafrique.com/thumb_3673169_uploaded_image2_1651155111.jpeg
Chaussures Enfants,Chaussures enfants,10 000CFA,"Parcelle Assainies, Dakar, Sénégal",https://images.coinafrique.com/thumb_3673165_uploaded_image2_1651154980.jpeg
Chaussures Enfants,Chaussures enfants,10 000CFA,"Parcelle Assainies, Dakar, Sénégal",https://images.coinafrique.com/thumb_3673159_uploaded_image3_1651154872.jpeg
Chaussures Enfants,Chaussures enfant,Prix sur demande,"Colobane, Dakar, Sénégal",https://images.coinafrique.com/thumb_3669958_uploaded_image3_1650975432.jpeg
Chaussures Enfants,Chaussures enfant,Prix sur demande,"Colobane, Dakar, Sénégal",https://images.coinafrique.com/thumb_3669956_uploaded_image2_1650975375.jpeg
Chaussures Enfants,Chaussures enfant,Prix sur demande,"Colobane, Dakar, Sénégal",https://images.coinafrique.com/thumb_3669952_uploaded_image1_1650975316.jpg
Chaussures Enfants,Chaussures enfant,3 500CFA,"Thies, Sénégal",https://images.coinafrique.com/thumb_3641983_uploaded_image1_1649278750.jpg
Chaussures Enfants,Chaussures enfants,7 000CFA,"Grand Yoff, Dakar, Sénégal",https://images.coinafrique.com/thumb_3641151_uploaded_image2_1649247824.jpeg
Chaussures Enfants,Ballerines enfant,7 000CFA,"Grand Yoff, Dakar, Sénégal",https://images.coinafrique.com/thumb_3617411_uploaded_image1_1647863237.jpg
Chaussures Enfants,Baskets Air Force One,Prix sur demande,"Colobane, Dakar, Sénégal",https://images.coinafrique.com/thumb_3599487_uploaded_image1_1646755996.jpg
Chaussures Enfants,Chaussures enfants,5 000CFA,"Medina, Dakar, Sénégal",https://images.coinafrique.com/thumb_3579013_uploaded_image1_1645581208.jpg
Chaussures Enfants,Chaussures enfant friperie,Prix sur demande,"Colobane, Dakar, Sénégal",https://images.coinafrique.com/thumb_3566813_uploaded_image1_1644828469.jpg
Chaussures Enfants,Chaussures enfant friperie,Prix sur demande,"Colobane, Dakar, Sénégal",https://images.coinafrique.com/thumb_3566810_uploaded_image1_1644828396.jpg
Chaussures Enfants,Chaussures enfants friperie,Prix sur demande,"Colobane, Dakar, Sénégal",https://images.coinafrique.com/thumb_3544110_uploaded_image1_1643467157.jpg
Chaussures Enfants,Chaussures fille,2 000CFA,"Mermoz-Sacré Coeur, Dakar, Sénégal",https://images.coinafrique.com/thumb_3543253_uploaded_image1_1643397434.jpg
Chaussures Enfants,Chaussures enfants,11 000CFA,"Colobane, Dakar, Sénégal",https://images.coinafrique.com/thumb_3537500_uploaded_image1_1643045085.jpg
Chaussures Enfants,Pantoufles enfant,4 000CFA,"Cambérène, Dakar, Sénégal",https://images.coinafrique.com/thumb_3533457_uploaded_image1_1642754956.jpg
Chaussures Enfants,Pantoufles,4 000CFA,"Cambérène, Dakar, Sénégal",https://images.coinafrique.com/thumb_3529128_uploaded_image1_1642500345.jpg
Chaussures Enfants,Chaussures enfant friperie,Prix sur demande,"Colobane, Dakar, Sénégal",https://images.coinafrique.com/thumb_3528221_uploaded_image1_1642431390.jpg
Chaussures Enfants,Chaussures enfant friperie,Prix sur demande,"Colobane, Dakar, Sénégal",https://images.coinafrique.com/thumb_3528219_uploaded_image1_1642431351.jpg
Chaussures Enfants,Chaussures friperie enfants,Prix sur demande,"Colobane, Dakar, Sénégal",https://images.coinafrique.com/thumb_3526941_uploaded_image1_1642346098.jpg
Chaussures Enfants,Chaussures enfant friperie,Prix sur demande,"Colobane, Dakar, Sénégal",https://images.coinafrique.com/thumb_3526938_uploaded_image1_1642345964.jpg
Chaussures Enfants,Baskets friperie Nike enfants,Prix sur demande,"Colobane, Dakar, Sénégal",https://images.coinafrique.com/thumb_3526935_uploaded_image1_1642345866.jpg
Chaussures Enfants,Chaussures enfant,10 000CFA,"Guediawaye, Dakar, Sénégal",https://images.coinafrique.com/thumb_3513868_uploaded_image1_1641563929.jpg
Chaussures Enfants,Baskets Nike enfant,15 000CFA,"Biscuiterie, Dakar, Sénégal",https://images.coinafrique.com/thumb_3496189_uploaded_image2_1640319435.jpeg
Chaussures Enfants,Baskets enfants Nike,Prix sur demande,"Colobane, Dakar, Sénégal",https://images.coinafrique.com/thumb_3495835_uploaded_image1_1640284287.jpg
Chaussures Enfants,Chaussures  en cuir,12 000CFA,"Grand Yoff, Dakar, Sénégal",https://images.coinafrique.com/thumb_3495410_uploaded_image1_1640264833.jpg
Chaussures Enfants,Souliers enfants,15 000CFA,"Dieuppeul-Derklé, Dakar, Sénégal",https://images.coinafrique.com/thumb_3486610_uploaded_image1_1639656374.jpg
Chaussures Enfants,Sandales pour enfants,1 000CFA,"Patte d'oie, Dakar, Sénégal",https://images.coinafrique.com/thumb_3481315_uploaded_image1_1639352929.jpg
Chaussures Enfants,Chaussures enfant,Prix sur demande,"Colobane, Dakar, Sénégal",https://images.coinafrique.com/thumb_3475296_uploaded_image1_1638981582.jpg
Chaussures Enfants,Ballerines enfant,10 000CFA,"Ouest Foire, Dakar, Sénégal",https://images.coinafrique.com/thumb_3468451_uploaded_image1_1638628031.jpg
Chaussures Enfants,Chaussures enfants,Prix sur demande,"Colobane, Dakar, Sénégal",https://images.coinafrique.com/thumb_3462501_uploaded_image1_1638375325.jpg
Chaussures Enfants,Chaussures enfant,Prix sur demande,"Colobane, Dakar, Sénégal",https://images.coinafrique.com/thumb_3462499_uploaded_image1_1638375239.jpg
Chaussures Enfants,Chaussures  enfant,Prix sur demande,"Colobane, Dakar, Sénégal",https://images.coinafrique.com/thumb_3462497_uploaded_image1_1638375172.jpg
Chaussures Enfants,Chaussettes bébé,9 000CFA,"HLM, Dakar, Sénégal",https://images.coinafrique.com/thumb_3451771_uploaded_image1_1637718423.jpg
Chaussures Enfants,Chaussures enfant,7 000CFA,"Dakar Plateau, Dakar, Sénégal",https://images.coinafrique.com/thumb_3432590_uploaded_image2_1636625019.jpeg
Chaussures Enfants,Chaussures orthopédiques enfant,4 500CFA,"Grand Yoff, Dakar, Sénégal",https://images.coinafrique.com/thumb_3429468_uploaded_image1_1636466917.jpg
Chaussures Enfants,Baskets Nike Jordan enfants,Prix sur demande,"Mbao, Dakar, Sénégal",https://images.coinafrique.com/thumb_3429274_uploaded_image1_1636462416.jpg
Chaussures Enfants,Sandales petites filles,2 000CFA,"Mbao, Dakar, Sénégal",https://images.coinafrique.com/thumb_3415129_uploaded_image1_1635810651.jpg
Chaussures Enfants,Chaussures enfants,2 000CFA,"Mbao, Dakar, Sénégal",https://images.coinafrique.com/thumb_3415124_uploaded_image1_1635810270.jpg
Chaussures Enfants,Sandales fillettes,1 500CFA,"Patte d'oie, Dakar, Sénégal",https://images.coinafrique.com/thumb_3401227_uploaded_image1_1635079924.jpg
Chaussures Enfants,Sandales fillettes,1 500CFA,"Patte d'oie, Dakar, Sénégal",https://images.coinafrique.com/thumb_3401225_uploaded_image1_1635079810.jpg
Chaussures Enfants,Chaussures enfant,Prix sur demande,"Colobane, Dakar, Sénégal",https://images.coinafrique.com/thumb_3400235_uploaded_image1_1634998926.jpg
Chaussures Enfants,Chaussures enfant,Prix sur demande,"Colobane, Dakar, Sénégal",https://images.coinafrique.com/thumb_3400230_uploaded_image1_1634998844.jpg
Chaussures Enfants,Baskets enfant,14 000CFA,"Guediawaye, Dakar, Sénégal",https://images.coinafrique.com/thumb_3398164_uploaded_image1_1634895995.jpg
Chaussures Enfants,Chaussures pour enfants,12 000CFA,"Dakar, Sénégal",https://images.coinafrique.com/thumb_3391943_uploaded_image1_1634574064.jpg
Chaussures Enfants,Chaussures orthopédiques enfants,6 500CFA,"Grand Yoff, Dakar, Sénégal",https://images.coinafrique.com/thumb_3378261_uploaded_image1_1633851365.jpg
Chaussures Enfants,Chaussures enfants friperie,Prix sur demande,"Colobane, Dakar, Sénégal",https://images.coinafrique.com/thumb_3372302_uploaded_image1_1633544921.jpg
Chaussures Enfants,Chaussures enfant friperie,Prix sur demande,"Colobane, Dakar, Sénégal",https://images.coinafrique.com/thumb_3372289_uploaded_image1_1633544246.jpg
Chaussures Enfants,Chaussures enfants,12 000CFA,"Dakar, Sénégal",https://images.coinafrique.com/thumb_3370357_uploaded_image1_1633470461.jpg
Chaussures Enfants,Chaussures enfants,12 000CFA,"Dakar, Sénégal",https://images.coinafrique.com/thumb_3370124_uploaded_image1_1633461260.jpg
Chaussures Enfants,Chaussures enfant,6 000CFA,"Guediawaye, Dakar, Sénégal",https://images.coinafrique.com/thumb_3365662_uploaded_image1_1633268172.jpg
Chaussures Enfants,Mocassins enfant en daim,15 000CFA,"Dakar Plateau, Dakar, Sénégal",https://images.coinafrique.com/thumb_3354895_uploaded_image1_1632752207.jpg
Chaussures Enfants,Chaussures enfant,8 000CFA,"Dakar, Sénégal",https://images.coinafrique.com/thumb_3349497_uploaded_image1_1632394857.jpg
Chaussures Enfants,Chaussures enfant,5 000CFA,"Hann Bel-Air, Dakar, Sénégal",https://images.coinafrique.com/thumb_3336753_uploaded_image1_1631736848.jpg
Chaussures Enfants,Chaussures enfants,Prix sur demande,"Dakar, Sénégal",https://images.coinafrique.com/thumb_3331774_uploaded_image2_1631522808.jpeg
Chaussures Enfants,Baskets enfants,7 000CFA,"Colobane, Dakar, Sénégal",https://images.coinafrique.com/thumb_3327812_uploaded_image1_1631278298.jpg
Chaussures Enfants,Mocassins enfant,15 000CFA,"Dakar, Sénégal",https://images.coinafrique.com/thumb_3319920_uploaded_image1_1630947708.jpg
Chaussures Enfants,Baskets enfants,7 000CFA,"Colobane, Dakar, Sénégal",https://images.coinafrique.com/thumb_3316031_uploaded_image1_1630757466.jpg
Chaussures Enfants,Chaussures enfant,13 500CFA,"Dakar, Sénégal",https://images.coinafrique.com/thumb_3312395_uploaded_image1_1630601772.jpg
Chaussures Enfants,Chaussures enfants,2 500CFA,"Dakar, Sénégal",https://images.coinafrique.com/thumb_3305453_uploaded_image2_1630348767.jpeg
Chaussures Enfants,Chaussures enfants,13 500CFA,"Dakar, Sénégal",https://images.coinafrique.com/thumb_3288174_uploaded_image1_1629374418.jpg
Chaussures Enfants,Chaussures enfants,13 500CFA,"Dakar, Sénégal",https://images.coinafrique.com/thumb_3288168_uploaded_image1_1629374275.jpg
Chaussures Enfants,Chaussures enfant,13 500CFA,"Dakar, Sénégal",https://images.coinafrique.com/thumb_3288165_uploaded_image1_1629374192.jpg
Chaussures Enfants,Chaussures enfant,3 000CFA,"Mermoz-Sacré Coeur, Dakar, Sénégal",https://images.coinafrique.com/thumb_3267690_uploaded_image1_1628334320.jpg
Chaussures Enfants,Chaussures  fille,12 500CFA,"Dakar, Sénégal",https://images.coinafrique.com/thumb_3252340_uploaded_image1_1627653888.jpg
Chaussures Enfants,Chaussures enfant,15 000CFA,"Grand Yoff, Dakar, Sénégal",https://images.coinafrique.com/thumb_3247099_uploaded_image1_1627387079.jpg
Chaussures Enfants,Babouches enfant,7 000CFA,"Hann Bel-Air, Dakar, Sénégal",https://images.coinafrique.com/thumb_3231496_uploaded_image1_1626390253.jpg
Chaussures Enfants,Chaussures Enfants,10 000CFA,"Biscuiterie, Dakar, Sénégal",https://images.coinafrique.com/thumb_3227293_uploaded_image1_1626223659.jpg
Chaussures Enfants,Chaussures  enfant,15 000CFA,"Dakar Plateau, Dakar, Sénégal",https://images.coinafrique.com/thumb_3224546_uploaded_image1_1626108022.jpg
Chaussures Enfants,Chaussures enfants,Prix sur demande,"Colobane, Dakar, Sénégal",https://images.coinafrique.com/thumb_3222222_uploaded_image1_1626008303.jpg
Chaussures Enfants,Chaussures enfant,Prix sur demande,"Colobane, Dakar, Sénégal",https://images.coinafrique.com/thumb_3219248_uploaded_image1_1625842846.jpg
Chaussures Enfants,Chaussures enfant,Prix sur demande,"Colobane, Dakar, Sénégal",https://images.coinafrique.com/thumb_3219232_uploaded_image1_1625842643.jpg
Chaussures Enfants,Chaussures enfants,Prix sur demande,"Colobane, Dakar, Sénégal",https://images.coinafrique.com/thumb_3219227_uploaded_image1_1625842539.jpg
Chaussures Enfants,Chaussures enfants,10 000CFA,"Hann Bel-Air, Dakar, Sénégal",https://images.coinafrique.com/thumb_3217628_uploaded_image1_1625766871.jpg
Chaussures Enfants,Chaussures enfant,10 000CFA,"Hann Bel-Air, Dakar, Sénégal",https://images.coinafrique.com/thumb_3217622_uploaded_image1_1625766711.jpg
Chaussures Enfants,Chaussures enfant,10 000CFA,"Hann Bel-Air, Dakar, Sénégal",https://images.coinafrique.com/thumb_3217486_uploaded_image1_1625761437.jpg
Chaussures Enfants,Chaussures enfant,10 000CFA,"Hann Bel-Air, Dakar, Sénégal",https://images.coinafrique.com/thumb_3217457_uploaded_image1_1625760969.jpg
Chaussures Enfants,Chaussures enfant,Prix sur demande,"Colobane, Dakar, Sénégal",https://images.coinafrique.com/thumb_3214895_uploaded_image1_1625663507.jpg
Chaussures Enfants,Chaussures enfants,Prix sur demande,"Colobane, Dakar, Sénégal",https://images.coinafrique.com/thumb_3214892_uploaded_image2_1625663433.jpeg
Chaussures Enfants,Chaussures à talon enfant,Prix sur demande,"Dakar, Sénégal",https://images.coinafrique.com/thumb_3202429_uploaded_image3_1625166497.jpeg
Chaussures Enfants,Baskets enfant,Prix sur demande,"Colobane, Dakar, Sénégal",https://images.coinafrique.com/thumb_3196322_uploaded_image1_1624907984.jpg
Chaussures Enfants,Baskets Air Jordan enfant,15 000CFA,"Point E, Dakar, Sénégal",https://images.coinafrique.com/thumb_3171528_uploaded_image1_1623678884.jpg
Chaussures Enfants,Chaussures enfants,Prix sur demande,"Colobane, Dakar, Sénégal",https://images.coinafrique.com/thumb_3163306_uploaded_image1_1623261796.jpg
Chaussures Enfants,Chaussures bébé,5 000CFA,"HLM, Dakar, Sénégal",https://images.coinafrique.com/thumb_3156703_uploaded_image1_1623001294.jpg
Chaussures Enfants,Chaussures enfants,Prix sur demande,"Colobane, Dakar, Sénégal",https://images.coinafrique.com/thumb_3141004_uploaded_image2_1622376414.jpeg
Chaussures Enfants,Chaussures enfant,Prix sur demande,"Colobane, Dakar, Sénégal",https://images.coinafrique.com/thumb_3141001_uploaded_image1_1622376331.jpg
Chaussures Enfants,Chaussures bébé,6 000CFA,"Parcelle Assainies, Dakar, Sénégal",https://images.coinafrique.com/thumb_3140539_uploaded_image1_1622331287.jpg
Chaussures Enfants,Chaussures enfant,5 000CFA,"Colobane, Dakar, Sénégal",https://images.coinafrique.com/thumb_3138744_uploaded_image1_1622222944.jpg
Chaussures Enfants,Chaussures enfant,5 000CFA,"Colobane, Dakar, Sénégal",https://images.coinafrique.com/thumb_3138741_uploaded_image1_1622222899.jpg
Chaussures Enfants,Chaussures bébé,6 000CFA,"Parcelle Assainies, Dakar, Sénégal",https://images.coinafrique.com/thumb_3136795_uploaded_image1_1622129786.jpg
Chaussures Enfants,Chaussures orthopédiques enfants,12 000CFA,"Rufisque, Sénégal",https://images.coinafrique.com/thumb_3128593_uploaded_image1_1621701550.jpg
Chaussures Enfants,Chaussures enfant,8 500CFA,"Grand Dakar, Dakar, Sénégal",https://images.coinafrique.com/thumb_3124327_uploaded_image1_1621494874.jpg
Chaussures Enfants,Chaussures crops bébé,5 000CFA,"Mermoz-Sacré Coeur, Dakar, Sénégal",https://images.coinafrique.com/thumb_3106484_uploaded_image1_1620567535.jpg
Chaussures Enfants,Chaussures enfants,2 500CFA,"Dieuppeul-Derklé, Dakar, Sénégal",https://images.coinafrique.com/thumb_3105886_uploaded_image1_1620525968.jpg
